Name,Rank,Conference,Win/Loss,Pyth,AdjO,AdjO Rank,AdjD,AdjD Rank,AdjT,AdjT Rank,Luck,Luck Rank,SoS Pyth,SoS Pyth Rank,SoS OppO,SoS OppO Rank,SoS OppD,SoS OppD Rank,NCSoS Pyth,NCSoS Pyth Rank
Virginia ,1,ACC,8-1,.9455,115.9,7,90.4,5,63.5,348,-.033,232,.5489,129,101.7,210,100.0,70,.5489,137
Oklahoma ,2,B12,7-0,.9434,113.9,14,89.2,3,73.7,43,+.010,164,.4701,222,102.2,176,103.3,256,.4701,226
Purdue ,3,B10,11-0,.9416,113.3,16,89.0,1,70.7,140,+.004,173,.4252,270,100.8,257,103.5,270,.4252,272
Villanova ,4,BE,8-1,.9333,113.2,17,90.0,4,67.4,299,+.028,125,.5481,130,102.6,159,100.9,115,.5481,140
Duke ,5,ACC,9-1,.9292,120.4,1,96.3,49,69.4,202,+.016,152,.5261,154,103.0,143,102.1,185,.5261,161
Kansas ,6,B12,8-1,.9279,114.4,11,91.6,12,74.9,23,-.009,191,.5435,135,104.3,75,102.7,223,.5435,145
Michigan St. ,7,B10,11-0,.9261,114.9,9,92.3,16,67.3,303,+.081,61,.4811,215,100.0,291,100.7,101,.4811,220
Kentucky ,8,SEC,9-1,.9221,113.0,19,91.1,10,70.6,148,-.021,212,.5199,165,103.3,119,102.6,214,.5199,172
Xavier ,9,BE,10-0,.9216,113.3,15,91.4,11,72.3,75,+.024,134,.5581,120,102.8,152,100.7,104,.5581,127
Louisville ,10,ACC,8-1,.9209,112.5,24,90.9,7,68.6,249,-.090,303,.3530,317,99.3,313,104.7,316,.3530,316
North Carolina ,11,ACC,8-2,.9123,118.1,3,96.3,52,73.3,50,-.090,304,.6250,56,104.9,49,100.3,83,.6250,60
Miami FL ,12,ACC,8-1,.8981,116.3,6,96.3,50,67.9,279,-.052,261,.5336,145,104.0,88,102.8,227,.5336,154
Iowa ,13,B10,7-3,.8964,114.3,12,94.8,31,71.3,110,-.124,329,.6255,55,104.7,56,100.1,73,.6255,59
Arizona ,14,P12,10-1,.8933,109.4,41,90.9,9,70.0,182,+.063,76,.4422,249,100.8,260,102.9,231,.4422,252
West Virginia ,15,B12,8-1,.8921,109.3,43,90.9,8,74.2,26,+.004,174,.4084,284,100.6,266,103.9,291,.4084,285
Vanderbilt ,16,SEC,6-3,.8899,112.2,25,93.6,18,68.3,261,-.149,341,.6127,65,104.4,68,100.3,82,.6127,70
Baylor ,17,B12,8-1,.8870,113.0,18,94.5,27,67.3,302,-.001,179,.3423,322,98.2,330,104.0,292,.3423,322
Iowa St. ,18,B12,9-0,.8870,112.6,22,94.2,23,74.9,22,+.048,92,.4536,241,101.0,250,102.6,215,.4536,243
SMU ,19,Amer,8-0,.8864,115.0,8,96.2,48,67.6,289,+.111,39,.4215,274,100.0,290,102.8,229,.4215,277
Maryland ,20,B10,9-1,.8861,114.5,10,95.8,41,67.5,295,+.025,133,.4977,197,101.4,226,101.5,144,.4977,202
Notre Dame ,21,ACC,7-2,.8729,118.7,2,100.4,130,66.1,329,-.079,294,.5356,142,102.0,196,100.7,105,.5356,150
Cincinnati ,22,Amer,9-2,.8708,108.4,53,91.9,14,68.6,250,-.012,195,.4235,272,100.6,267,103.4,263,.4235,274
Florida ,23,SEC,6-3,.8670,104.8,111,89.0,2,69.4,206,-.057,267,.6886,23,106.1,25,99.1,39,.6886,25
Connecticut ,24,Amer,6-3,.8626,109.6,40,93.4,17,69.3,220,-.146,338,.5159,171,103.3,122,102.7,224,.5159,177
Gonzaga ,25,WCC,7-3,.8616,108.0,59,92.2,15,69.3,215,-.066,274,.6115,67,103.7,101,99.6,53,.6115,72
Indiana ,26,B10,8-3,.8610,116.6,4,99.5,111,72.1,78,-.079,293,.4141,282,100.4,278,103.4,265,.4141,283
Pittsburgh ,27,ACC,8-1,.8449,114.0,13,98.4,85,68.0,277,+.031,115,.4079,285,102.2,174,105.6,333,.4079,286
Butler ,28,BE,8-1,.8438,116.4,5,100.5,135,71.7,98,+.084,58,.4782,218,101.9,201,102.6,217,.4782,223
Oregon ,29,P12,8-2,.8417,109.8,38,95.0,33,71.7,97,-.016,204,.5134,176,100.2,288,99.7,56,.5134,181
South Carolina ,30,SEC,9-0,.8406,108.3,57,93.7,19,74.0,28,+.002,176,.3665,310,100.4,279,105.2,325,.3665,309
Valparaiso ,31,Horz,9-2,.8404,104.8,112,90.7,6,68.0,272,+.001,177,.6449,46,104.5,63,99.3,44,.6449,50
Florida St. ,32,ACC,7-2,.8310,108.5,52,94.5,28,72.8,60,-.051,260,.4539,239,102.9,147,104.6,313,.4539,241
Texas A&M ,33,SEC,8-2,.8256,109.0,48,95.2,34,71.2,116,+.016,154,.4988,195,101.6,217,101.6,155,.4988,199
Wichita St. ,34,MVC,5-4,.8236,108.0,60,94.5,26,64.7,340,-.078,291,.6689,35,104.8,50,98.6,24,.6689,36
USC ,35,P12,8-2,.8193,110.2,34,96.7,57,73.8,35,+.022,139,.5625,117,101.5,220,99.3,47,.5625,124
Michigan ,36,B10,8-3,.8175,112.9,20,99.1,100,66.1,330,+.020,144,.5188,166,103.1,138,102.4,201,.5188,173
Dayton ,37,A10,7-2,.8119,107.2,74,94.4,25,70.0,173,+.122,32,.6716,33,105.8,31,99.4,48,.6716,35
UCLA ,38,P12,8-3,.8100,112.8,21,99.4,108,70.7,142,+.059,80,.6358,49,104.8,51,99.8,62,.6358,53
George Washington ,39,A10,9-1,.8011,109.1,45,96.7,59,69.4,203,+.076,69,.5210,163,102.1,184,101.4,133,.5210,171
Wisconsin ,40,B10,7-5,.7943,109.1,46,97.0,62,64.0,346,-.078,290,.5353,143,101.5,223,100.2,79,.5353,151
Utah ,41,P12,8-2,.7936,111.9,27,99.5,112,70.3,162,+.141,23,.4792,217,100.9,254,101.7,156,.4792,222
Saint Mary's ,42,WCC,8-1,.7890,112.1,26,99.9,122,64.8,339,-.020,209,.3922,299,100.0,294,103.9,287,.3922,299
Texas ,43,B12,7-3,.7863,109.3,42,97.6,72,67.3,305,+.017,147,.5213,162,103.2,126,102.5,203,.5213,170
New Mexico ,44,MWC,7-2,.7794,105.8,97,94.8,32,72.4,72,-.034,233,.5241,157,102.3,170,101.5,145,.5241,165
Syracuse ,45,ACC,7-3,.7768,107.4,70,96.4,53,68.2,267,+.010,166,.5387,138,103.1,134,101.8,160,.5387,148
VCU ,46,A10,5-4,.7758,105.3,106,94.6,29,73.0,56,-.122,327,.5867,89,102.9,148,99.8,60,.5867,94
Georgetown ,47,BE,6-4,.7750,109.8,39,98.6,87,69.5,196,-.093,305,.5288,152,103.0,141,102.0,180,.5288,158
Providence ,48,BE,10-1,.7745,109.0,47,97.9,77,68.9,235,+.125,30,.4958,198,101.3,233,101.5,142,.4958,203
Rhode Island ,49,A10,6-4,.7712,104.5,116,94.0,22,68.8,242,-.102,313,.5029,192,101.4,227,101.3,129,.5029,196
Oregon St. ,50,P12,6-2,.7705,106.5,82,95.9,42,67.3,306,+.060,79,.6023,75,104.8,52,101.1,118,.6023,81
Arizona St. ,51,P12,7-3,.7688,105.7,99,95.2,35,69.3,219,+.044,97,.6342,50,105.0,46,100.1,74,.6342,54
Colorado ,52,P12,8-1,.7675,108.2,58,97.5,70,71.1,122,+.028,124,.4567,235,103.4,113,105.0,320,.4567,239
South Dakota St. ,53,Sum,9-2,.7635,110.2,35,99.5,109,70.5,152,-.016,205,.5584,119,102.0,195,99.9,66,.5584,126
Seton Hall ,54,BE,8-2,.7616,107.2,75,96.9,61,69.3,218,-.024,217,.4230,273,98.7,323,101.4,138,.4230,275
Monmouth ,55,MAAC,7-3,.7614,105.7,100,95.5,37,72.5,70,+.014,159,.7337,12,108.1,7,99.0,35,.7817,7
Tulsa ,56,Amer,7-3,.7568,106.0,91,96.1,45,71.1,120,-.038,238,.5536,124,103.1,137,101.2,124,.5536,131
California ,57,P12,8-2,.7545,107.8,63,97.7,74,69.7,188,+.023,138,.4152,279,101.0,251,104.0,295,.4152,281
Northwestern ,58,B10,9-1,.7535,108.7,51,98.7,91,64.9,338,+.084,57,.3026,338,98.4,327,105.8,337,.3026,338
San Diego St. ,59,MWC,7-4,.7492,100.8,203,91.6,13,68.3,262,-.069,278,.5609,118,102.3,171,100.1,75,.5609,125
Creighton ,60,BE,7-3,.7469,110.6,30,100.7,138,72.6,66,-.074,286,.4362,260,101.3,236,103.6,273,.4362,263
Richmond ,61,A10,7-3,.7451,111.8,29,101.8,169,70.6,144,+.034,112,.5150,174,103.3,120,102.8,226,.5150,179
Clemson ,62,ACC,7-3,.7382,105.6,103,96.5,54,64.2,342,-.105,315,.2782,345,98.2,332,106.7,348,.2782,344
Evansville ,63,MVC,8-2,.7380,107.6,66,98.3,83,71.0,128,+.033,114,.3996,294,100.5,274,104.1,298,.3996,294
Davidson ,64,A10,7-1,.7371,111.9,28,102.3,181,76.2,9,+.207,3,.4688,224,102.7,156,103.8,284,.4688,228
Texas Tech ,65,B12,7-1,.7357,104.3,125,95.4,36,70.3,159,+.077,66,.5042,189,104.0,84,103.9,289,.5042,192
Georgia Tech ,66,ACC,7-2,.7354,107.3,72,98.1,78,68.8,238,+.041,102,.4988,194,101.8,203,101.9,169,.4988,198
Memphis ,67,Amer,7-2,.7353,102.7,159,93.9,21,74.0,29,-.048,254,.3096,335,96.8,346,103.8,285,.3096,334
Arkansas Little Rock ,68,SB,9-0,.7312,102.7,155,94.2,24,63.1,350,+.071,73,.5339,144,102.8,150,101.6,154,.5339,153
Mississippi ,69,SEC,8-2,.7292,107.9,62,99.0,97,69.5,197,+.004,172,.4046,290,99.7,306,103.1,245,.4046,290
Northern Iowa ,70,MVC,6-3,.7247,107.8,64,99.1,98,67.0,310,+.009,167,.5750,100,104.2,78,101.5,148,.5750,107
BYU ,71,WCC,6-3,.7240,106.4,84,97.9,76,75.1,20,-.067,276,.4915,204,103.2,131,103.5,268,.4915,209
North Carolina St. ,72,ACC,7-3,.7232,108.4,55,99.7,116,69.4,205,+.003,175,.4507,245,101.3,230,103.1,247,.4507,248
Akron ,73,MAC,7-2,.7228,104.1,130,95.8,39,67.8,283,+.048,91,.4339,264,101.1,247,103.4,266,.4339,267
Ohio St. ,74,B10,5-5,.7188,105.5,105,97.2,66,68.0,275,-.148,340,.4408,251,99.7,305,101.8,159,.4408,254
Boise St. ,75,MWC,7-4,.7178,108.4,54,100.0,123,70.0,179,+.037,106,.6916,21,105.2,43,98.1,19,.6916,23
Marquette ,76,BE,8-2,.7146,103.8,134,95.8,40,70.7,136,+.117,36,.3812,303,99.4,312,103.6,276,.3812,304
William & Mary ,77,CAA,5-3,.7072,107.3,71,99.4,107,69.5,195,-.077,289,.6541,41,104.2,79,98.6,25,.6541,44
Kansas St. ,78,B12,7-2,.7068,104.0,131,96.3,51,69.3,214,+.026,129,.4378,257,102.2,178,104.4,306,.4378,260
Saint Joseph's ,79,A10,7-2,.7066,104.8,113,97.1,64,71.7,94,+.184,9,.5868,88,102.7,157,99.6,52,.5868,93
Tennessee ,80,SEC,5-4,.7035,107.6,65,99.8,121,71.8,92,-.108,317,.5503,128,103.8,97,102.0,175,.5503,136
Alabama ,81,SEC,7-2,.7010,102.0,173,94.7,30,68.7,246,+.288,1,.6574,40,105.6,35,99.8,59,.6574,42
Washington ,82,P12,7-2,.7008,103.5,137,96.1,46,78.5,4,+.023,136,.4623,231,100.7,264,102.0,183,.4623,234
UNLV ,83,MWC,8-3,.6972,100.9,195,93.9,20,71.6,103,-.009,192,.5721,105,103.7,99,101.1,121,.5721,112
Belmont ,84,OVC,7-4,.6942,112.6,23,104.8,248,73.8,39,-.030,228,.6182,63,103.4,117,99.1,41,.6182,66
UT Arlington ,85,SB,8-2,.6908,104.3,124,97.3,68,72.6,67,+.021,143,.4668,228,100.3,284,101.5,141,.4668,231
Georgia ,86,SEC,4-3,.6871,102.3,166,95.6,38,68.4,254,-.066,275,.5052,186,103.2,133,103.0,238,.5052,190
Princeton ,87,Ivy,5-2,.6850,102.7,156,96.0,44,72.0,84,+.025,132,.4432,248,101.3,237,103.3,262,.4432,251
Arkansas ,88,SEC,5-4,.6845,109.9,37,102.7,192,73.8,32,-.163,344,.4485,246,102.1,188,103.9,290,.4485,249
Iona ,89,MAAC,4-3,.6837,110.5,32,103.4,211,76.5,8,-.012,200,.5727,103,102.8,151,100.2,76,.6673,38
Stony Brook ,90,AE,4-4,.6807,104.9,110,98.2,80,70.0,172,-.081,298,.7748,8,109.5,5,98.3,22,.7748,10
Northeastern ,91,CAA,7-3,.6794,107.1,77,100.4,131,68.6,251,-.022,215,.5948,83,104.0,85,100.6,98,.5948,88
LSU ,92,SEC,5-4,.6742,105.7,101,99.2,101,75.3,17,-.102,314,.4180,275,100.9,255,103.8,286,.4180,278
Chattanooga ,93,SC,8-2,.6715,105.9,92,99.6,113,67.6,288,+.142,22,.6188,62,103.6,105,99.3,46,.6188,65
Albany ,94,AE,7-4,.6699,106.2,89,99.8,119,68.1,268,-.050,259,.5575,121,102.6,161,100.6,93,.5575,128
Yale ,95,Ivy,5-5,.6691,102.6,160,96.5,56,67.2,308,-.058,268,.6600,38,106.9,18,100.9,113,.6600,40
Wake Forest ,96,ACC,7-2,.6672,107.9,61,101.5,160,73.0,58,+.275,2,.5762,99,105.2,44,102.4,200,.5762,106
Fresno St. ,97,MWC,8-3,.6631,104.5,118,98.5,86,71.9,91,+.036,109,.4532,242,101.4,228,103.0,242,.4532,244
Oklahoma St. ,98,B12,7-3,.6596,103.2,142,97.4,69,68.6,247,-.035,235,.3495,319,99.8,302,105.3,326,.3495,318
Hawaii ,99,BW,7-1,.6583,104.4,122,98.6,90,73.8,38,+.037,107,.2832,342,97.3,342,105.5,332,.2832,342
Stanford ,100,P12,5-3,.6558,104.3,126,98.6,89,66.7,316,+.056,83,.5847,91,105.1,45,102.0,182,.5847,96
Temple ,101,Amer,4-5,.6504,103.7,135,98.2,81,67.4,297,-.012,196,.6474,42,107.0,16,101.5,147,.6474,46
Old Dominion ,102,CUSA,4-6,.6455,104.1,129,98.8,94,63.3,349,-.187,349,.5636,115,102.6,163,100.3,81,.5636,122
Hofstra ,103,CAA,6-3,.6450,110.3,33,104.7,245,72.6,64,+.082,60,.6069,73,104.3,72,100.5,90,.6069,78
Kent St. ,104,MAC,7-2,.6450,107.4,69,102.0,172,68.9,236,+.029,119,.4536,240,102.0,192,103.7,278,.4536,242
UC Irvine ,105,BW,7-4,.6429,103.3,140,98.2,79,67.6,286,+.057,82,.6316,52,104.8,53,100.0,69,.6316,56
St. Bonaventure ,106,A10,6-2,.6414,106.2,87,101.0,143,68.2,266,+.085,55,.4701,223,103.0,144,104.1,296,.4701,227
Oakland ,107,Horz,6-3,.6408,109.9,36,104.5,236,74.9,24,-.088,301,.4046,291,99.8,298,103.2,254,.4046,291
UAB ,108,CUSA,7-3,.6403,104.4,121,99.3,102,67.3,304,+.016,155,.3737,307,99.9,295,104.5,312,.3737,306
Fordham ,109,A10,8-1,.6379,104.5,117,99.5,110,70.8,135,-.048,253,.1938,351,95.2,350,107.7,351,.1938,351
Nebraska ,110,B10,7-4,.6377,102.8,152,97.9,75,70.0,175,-.019,208,.4320,265,100.5,273,102.9,234,.4320,268
Louisiana Tech ,111,CUSA,8-2,.6355,106.1,90,101.1,149,73.5,45,+.147,20,.4890,207,100.7,265,101.1,119,.4890,212
Illinois ,112,B10,6-5,.6353,107.0,79,102.0,171,70.8,134,+.001,178,.5431,136,103.5,106,102.0,176,.5431,146
Virginia Tech ,113,ACC,7-3,.6315,105.2,108,100.4,132,72.1,81,-.042,244,.3210,331,98.8,321,105.5,331,.3210,331
Army ,114,Pat,8-2,.6307,107.0,78,102.2,179,75.6,13,+.052,89,.4462,247,100.0,293,101.9,168,.4462,250
James Madison ,115,CAA,8-3,.6262,107.6,67,102.9,194,67.6,293,+.027,127,.4584,234,101.8,204,103.3,260,.4584,238
High Point ,116,BSth,8-3,.6254,106.4,83,101.8,167,68.0,274,-.080,296,.4741,220,101.2,241,102.1,188,.5255,163
Pepperdine ,117,WCC,6-4,.6207,101.1,192,96.8,60,69.6,190,+.022,140,.5677,113,104.3,76,101.8,163,.5677,120
Cal Poly ,118,BW,5-4,.6193,107.5,68,103.0,197,68.1,270,-.048,252,.6092,71,104.5,67,100.5,92,.6092,76
TCU ,119,B12,5-4,.6163,100.5,207,96.5,55,72.0,83,-.079,295,.3941,298,99.2,315,103.0,241,.3941,298
Stephen F. Austin ,120,Slnd,6-3,.6162,104.7,114,100.4,133,70.9,132,+.109,41,.5650,114,103.7,98,101.4,137,.5650,121
North Florida ,121,ASun,9-4,.6144,110.6,31,106.2,275,72.2,76,+.029,121,.5087,182,101.7,213,101.4,135,.5087,186
Milwaukee ,122,Horz,8-3,.6137,104.6,115,100.5,136,69.9,184,-.006,186,.5504,127,104.5,66,102.6,216,.5504,135
Morehead St. ,123,OVC,5-3,.6105,101.1,190,97.2,65,66.2,326,+.010,165,.6090,72,104.0,87,100.1,71,.6090,77
Middle Tennessee ,124,CUSA,6-2,.6099,99.8,217,96.0,43,69.3,213,+.098,44,.5090,181,101.7,211,101.4,136,.5090,185
Siena ,125,MAAC,7-4,.6093,104.4,120,100.5,134,72.0,82,+.034,111,.5333,147,103.5,109,102.3,196,.5827,98
Houston ,126,Amer,7-1,.6089,108.8,50,104.7,242,69.8,186,+.058,81,.2131,350,94.0,351,105.4,328,.2131,350
Massachusetts ,127,A10,6-4,.6050,105.5,104,101.7,162,73.4,48,-.044,247,.4875,208,102.0,191,102.5,204,.4875,213
North Dakota St. ,128,Sum,7-3,.5995,102.9,148,99.3,103,68.0,276,+.085,56,.4775,219,101.8,205,102.6,212,.4775,224
Columbia ,129,Ivy,8-5,.5986,108.8,49,105.1,253,65.6,334,-.119,323,.4339,263,101.3,234,103.7,277,.4339,266
Louisiana Lafayette ,130,SB,3-5,.5985,109.2,44,105.4,260,75.7,11,-.222,350,.7459,10,107.1,14,97.6,12,.7584,12
Minnesota ,131,B10,6-5,.5932,106.7,80,103.3,204,69.0,229,-.034,234,.4359,262,100.1,289,102.3,198,.4359,265
Georgia St. ,132,SB,5-2,.5920,102.4,165,99.1,99,65.6,335,+.044,98,.5704,110,102.4,166,100.0,67,.5704,117
Mississippi St. ,133,SEC,4-5,.5853,106.6,81,103.5,214,71.4,108,-.097,307,.5227,161,103.5,107,102.7,220,.5227,169
UNC Wilmington ,134,CAA,5-2,.5805,101.2,187,98.4,84,76.8,7,-.107,316,.5295,150,104.7,55,103.6,275,.5295,156
Auburn ,135,SEC,5-2,.5796,106.2,88,103.3,203,76.0,10,+.013,162,.4399,253,101.5,224,103.6,274,.4399,256
Duquesne ,136,A10,9-2,.5793,107.3,73,104.3,232,73.5,46,+.119,34,.3355,327,98.7,322,104.8,319,.3355,327
UCF ,137,Amer,5-3,.5642,102.1,168,99.8,120,67.7,284,-.133,336,.3684,308,100.3,281,105.1,322,.3684,307
Weber St. ,138,BSky,5-5,.5591,104.3,128,102.1,176,66.4,322,-.170,346,.5375,140,103.6,104,102.2,193,.5375,149
Nevada ,139,MWC,7-3,.5567,100.8,201,98.8,93,71.1,127,-.055,264,.4928,201,102.8,149,103.1,248,.4928,206
Long Beach St. ,140,BW,6-6,.5543,105.9,93,103.9,225,70.0,176,+.008,168,.7319,13,106.1,26,97.2,10,.7319,15
Boston University ,141,Pat,5-5,.5540,105.6,102,103.6,219,70.3,163,+.042,100,.5827,92,102.2,177,99.3,45,.5827,97
NJIT ,142,ASun,6-5,.5505,105.2,107,103.4,212,70.9,131,+.007,169,.5709,109,104.3,73,101.7,158,.5709,116
Toledo ,143,MAC,6-4,.5504,105.7,98,103.9,223,69.5,198,-.042,245,.4819,212,101.2,242,101.9,166,.4819,217
Washington St. ,144,P12,6-2,.5493,103.9,132,102.2,178,71.9,90,-.078,292,.2659,346,97.0,345,105.9,338,.2659,345
Mercer ,145,SC,8-2,.5426,103.4,139,101.8,170,64.2,343,+.019,145,.3660,311,99.7,304,104.6,314,.3660,310
Vermont ,146,AE,5-6,.5418,103.9,133,102.4,184,70.3,161,+.025,131,.5913,86,101.9,198,98.7,26,.5913,91
Ohio ,147,MAC,6-3,.5417,105.9,94,104.4,234,73.1,52,-.031,229,.5046,188,101.8,208,101.6,152,.5046,191
Harvard ,148,Ivy,3-6,.5411,98.7,248,97.3,67,68.1,269,-.228,351,.6591,39,105.7,34,99.8,61,.6591,41
Penn St. ,149,B10,7-3,.5365,100.1,214,98.9,95,66.8,312,+.155,16,.4388,254,101.4,229,103.6,271,.4388,257
Eastern Michigan ,150,MAC,6-4,.5347,98.8,242,97.6,73,73.8,34,-.008,189,.7996,5,109.5,4,97.1,9,.7996,5
UNC Asheville ,151,BSth,6-4,.5324,102.3,167,101.1,148,70.6,147,-.076,288,.5358,141,102.1,183,100.9,110,.5923,90
Utah St. ,152,MWC,5-3,.5290,103.1,143,102.1,174,69.1,228,+.086,52,.6679,36,105.2,42,99.0,37,.6679,37
Oral Roberts ,153,Sum,8-4,.5248,104.4,123,103.5,216,71.1,123,+.190,6,.6836,27,105.7,33,98.9,30,.6836,29
Detroit ,154,Horz,5-3,.5224,105.9,95,105.0,251,74.8,25,+.139,24,.6813,28,107.2,13,100.3,84,.6813,30
College of Charleston ,155,CAA,7-2,.5221,99.4,227,98.7,92,67.6,292,-.012,199,.4168,278,101.5,221,104.5,311,.4168,280
Western Michigan ,156,MAC,5-5,.5203,102.0,169,101.3,152,70.4,156,-.120,324,.4928,202,101.8,206,102.0,184,.4928,207
Montana ,157,BSky,4-5,.5198,100.8,200,100.1,124,67.9,281,-.146,339,.6461,43,103.3,118,98.1,18,.6461,47
Louisiana Monroe ,158,SB,4-5,.5194,97.7,262,97.0,63,66.7,315,-.011,194,.6953,20,108.0,9,100.5,91,.7277,18
UC Santa Barbara ,159,BW,2-6,.5176,102.4,163,101.8,168,66.8,314,+.046,93,.7381,11,107.3,12,98.1,17,.7381,14
Green Bay ,160,Horz,5-4,.5145,101.1,191,100.5,137,79.1,3,+.036,108,.5162,170,102.4,168,101.8,165,.5162,176
Western Kentucky ,161,CUSA,6-4,.5119,105.1,109,104.6,241,67.9,280,+.030,117,.5264,153,104.7,54,103.8,282,.5264,160
Coastal Carolina ,162,BSth,6-4,.5085,101.5,182,101.2,151,68.4,257,+.015,157,.5336,146,102.1,189,100.9,112,.6041,79
Buffalo ,163,MAC,5-5,.5074,102.0,172,101.8,165,71.3,113,+.055,85,.6458,45,106.0,27,100.6,94,.6458,49
St. John's ,164,BE,7-3,.5045,96.8,279,96.7,58,70.2,166,+.189,7,.4360,261,100.3,285,102.5,210,.4360,264
Cal St. Bakersfield ,165,WAC,6-4,.5041,99.5,224,99.4,106,69.5,192,-.020,210,.4893,206,101.6,216,102.0,178,.4893,211
Canisius ,166,MAAC,3-6,.5026,108.4,56,108.3,311,72.6,65,-.180,348,.5129,178,102.4,167,102.0,177,.5485,138
Southern Illinois ,167,MVC,9-2,.5012,102.8,150,102.8,193,71.3,111,+.044,96,.2401,348,96.4,347,106.6,346,.2401,348
Illinois St. ,168,MVC,5-6,.5000,98.3,254,98.3,82,70.8,133,+.043,99,.5977,78,102.7,153,99.2,42,.5977,84
Colorado St. ,169,MWC,6-4,.4964,107.2,76,107.3,298,71.1,126,+.017,148,.4047,289,102.1,182,105.6,334,.4047,289
New Mexico St. ,170,WAC,5-5,.4957,100.0,215,100.2,126,67.4,300,-.109,318,.3554,314,98.5,325,103.8,281,.3554,313
East Carolina ,171,Amer,7-4,.4902,102.0,174,102.3,182,68.3,260,+.023,137,.3399,324,98.3,328,104.1,299,.3399,324
Western Illinois ,172,Sum,7-2,.4900,102.8,153,103.1,200,68.0,273,+.186,8,.5924,84,103.9,91,100.6,97,.5924,89
Northern Illinois ,173,MAC,7-2,.4884,100.5,208,100.9,142,68.2,265,+.052,90,.3381,326,97.9,334,103.8,283,.3381,326
Ball St. ,174,MAC,7-3,.4839,100.6,205,101.1,150,67.2,307,-.028,223,.3060,336,97.3,343,104.5,309,.3060,336
DePaul ,175,BE,5-5,.4814,102.7,158,103.4,209,70.4,157,+.054,86,.5289,151,101.7,209,100.7,106,.5289,157
Wyoming ,176,MWC,6-4,.4810,101.9,177,102.5,187,65.4,336,-.039,240,.4369,258,101.2,239,103.5,269,.4369,261
IPFW ,177,Sum,8-4,.4766,101.7,179,102.5,186,70.5,154,+.171,12,.5736,101,103.9,92,101.2,126,.5736,109
Missouri ,178,SEC,5-4,.4753,101.5,183,102.3,183,69.3,216,+.116,37,.5511,125,102.9,146,101.1,120,.5511,133
Towson ,179,CAA,7-3,.4751,100.8,199,101.7,161,66.7,317,+.080,65,.3505,318,97.6,340,103.0,236,.3505,317
Grand Canyon ,180,WAC,8-2,.4743,103.1,144,104.0,226,69.9,183,+.119,35,.2222,349,96.2,348,107.3,349,.2222,349
Indiana St. ,181,MVC,4-6,.4733,96.7,284,97.6,71,71.6,100,-.065,273,.5714,108,104.4,69,101.8,162,.5714,115
Murray St. ,182,OVC,5-5,.4733,100.8,202,101.7,163,68.2,264,+.086,54,.5848,90,102.7,155,99.7,57,.5848,95
Nebraska Omaha ,183,Sum,6-5,.4693,103.5,136,104.6,239,79.9,2,-.099,309,.5232,158,104.1,82,103.3,257,.5232,166
Loyola Chicago ,184,MVC,5-5,.4623,99.0,241,100.3,128,66.3,325,+.074,72,.5230,159,103.8,96,103.0,235,.5230,167
UTEP ,185,CUSA,6-3,.4618,98.5,252,99.8,118,72.4,71,+.060,78,.3140,333,97.6,339,104.5,308,.3140,332
Denver ,186,Sum,8-3,.4615,101.6,180,103.0,196,64.2,344,+.075,70,.2857,341,97.7,337,105.8,335,.2857,341
UMKC ,187,WAC,6-4,.4573,100.3,211,101.8,166,69.4,208,+.122,31,.6105,69,107.0,17,102.9,233,.6105,74
Fairfield ,188,MAAC,4-4,.4554,101.1,188,102.7,190,73.7,41,+.076,68,.5951,80,105.7,32,102.2,194,.6141,69
Bucknell ,189,Pat,3-6,.4514,102.8,149,104.6,238,71.7,96,-.086,300,.5437,134,103.1,140,101.5,146,.5437,144
Texas A&M Corpus Chris ,190,Slnd,7-3,.4506,97.9,256,99.6,114,69.0,231,+.180,10,.5779,97,104.0,90,101.2,122,.5779,104
Saint Louis ,191,A10,5-4,.4467,96.8,280,98.6,88,70.3,160,+.027,128,.3820,302,100.2,286,104.5,310,.3820,303
George Mason ,192,A10,4-7,.4444,97.4,264,99.4,105,67.3,301,-.054,262,.5626,116,103.3,124,101.0,117,.5626,123
Central Michigan ,193,MAC,5-4,.4431,106.3,86,108.4,315,70.0,178,+.046,94,.3545,315,100.5,272,105.9,339,.3545,314
UC Davis ,194,BW,4-4,.4423,100.5,206,102.6,188,70.5,153,-.049,257,.4686,225,101.3,231,102.4,202,.4686,229
Western Carolina ,195,SC,4-6,.4414,101.2,186,103.3,206,71.6,101,-.049,256,.7281,14,107.8,10,98.9,33,.7281,17
Southern ,196,SWAC,7-3,.4401,99.0,240,101.1,145,70.6,149,+.120,33,.6149,64,104.4,71,100.2,77,.6149,68
Gardner Webb ,197,BSth,4-7,.4399,101.2,185,103.4,208,71.1,121,-.021,213,.7123,17,107.0,15,98.9,34,.7803,9
Missouri St. ,198,MVC,4-6,.4384,99.3,230,101.4,158,70.1,170,-.043,246,.5681,112,104.7,58,102.2,192,.5681,119
Delaware ,199,CAA,5-3,.4289,101.0,193,103.6,218,67.6,290,+.148,19,.3959,297,99.4,309,103.1,249,.3959,297
Navy ,200,Pat,8-4,.4270,96.4,290,98.9,96,65.7,332,+.102,43,.4386,255,101.1,245,103.3,261,.4386,258
UC Riverside ,201,BW,5-5,.4248,97.1,271,99.7,117,72.3,73,-.153,343,.3058,337,98.8,320,106.1,341,.3058,337
Sacramento St. ,202,BSky,6-3,.4247,103.3,141,106.1,273,70.2,167,+.035,110,.4252,271,100.6,268,103.3,259,.4252,273
Radford ,203,BSth,6-5,.4224,101.9,175,104.7,243,67.5,296,+.081,63,.5072,183,101.5,222,101.2,125,.5807,100
Bowling Green ,204,MAC,7-3,.4184,99.2,233,102.1,173,71.1,124,+.129,28,.3544,316,99.1,317,104.4,303,.3544,315
Winthrop ,205,BSth,6-3,.4138,102.4,162,105.6,261,73.6,44,+.172,11,.4300,267,100.5,275,103.0,237,.5287,159
Texas St. ,206,SB,5-2,.4120,93.2,328,96.1,47,66.0,331,+.039,104,.2557,347,95.9,349,105.2,323,.2557,346
Loyola Marymount ,207,WCC,6-4,.4102,101.7,178,104.9,250,69.6,191,+.093,49,.5111,180,102.0,197,101.6,151,.5111,184
Sam Houston St. ,208,Slnd,4-5,.4101,98.2,255,101.4,155,69.0,230,-.125,330,.6801,29,105.8,29,99.1,38,.6801,31
Tennessee St. ,209,OVC,7-2,.4058,96.9,275,100.1,125,66.9,311,-.035,236,.2912,340,98.7,324,106.6,347,.2912,340
Miami OH ,210,MAC,6-4,.4057,98.8,246,102.1,175,67.9,278,+.103,42,.4075,286,99.4,310,102.7,221,.4075,287
Samford ,211,SC,7-3,.4046,102.7,154,106.2,276,69.4,204,+.147,21,.4151,280,99.6,307,102.7,218,.4151,282
Drake ,212,MVC,4-6,.4006,103.4,138,107.1,294,66.5,320,-.120,325,.4542,238,100.3,282,101.9,173,.4542,240
Jackson St. ,213,SWAC,4-7,.3986,96.2,294,99.7,115,70.7,141,-.176,347,.6439,47,103.7,100,98.5,23,.6439,51
Tulane ,214,Amer,6-5,.3967,97.1,272,100.7,139,68.8,240,-.007,187,.3593,313,99.5,308,104.6,315,.3593,312
Drexel ,215,CAA,1-7,.3927,99.4,229,103.2,201,68.6,248,-.132,335,.6276,53,103.4,115,98.8,28,.6276,57
Wofford ,216,SC,3-6,.3919,99.6,223,103.5,213,66.6,318,-.006,185,.6323,51,105.3,41,100.4,86,.6323,55
Florida Gulf Coast ,217,ASun,6-4,.3913,99.4,226,103.3,205,70.6,146,+.097,46,.5251,156,102.0,190,101.2,123,.5251,164
South Dakota ,218,Sum,6-4,.3899,103.0,146,107.1,296,71.1,119,+.128,29,.4992,193,102.1,180,102.2,191,.4992,197
Eastern Washington ,219,BSky,5-6,.3883,106.3,85,110.6,333,68.8,241,+.054,87,.5700,111,104.4,70,101.9,167,.5700,118
Portland ,220,WCC,5-6,.3868,99.8,216,103.9,222,73.0,55,-.131,334,.3303,330,100.2,287,106.5,344,.3303,330
Elon ,221,CAA,7-3,.3866,102.4,164,106.6,288,73.7,42,+.093,48,.4170,277,99.8,303,102.7,222,.4170,279
Boston College ,222,ACC,4-6,.3862,97.1,273,101.1,146,69.4,211,-.101,312,.3668,309,98.5,326,103.3,255,.3668,308
Lehigh ,223,Pat,1-7,.3848,102.0,171,106.3,281,70.1,169,-.026,220,.8183,3,109.9,2,96.4,5,.8183,3
Cleveland St. ,224,Horz,3-7,.3796,97.3,267,101.5,159,66.2,327,+.023,135,.6838,26,106.3,24,99.4,49,.6838,28
Hampton ,225,MEAC,4-3,.3768,96.7,282,101.0,144,71.2,117,+.065,75,.4551,236,101.1,244,102.7,225,.5070,187
Mount St. Mary's ,226,NEC,3-7,.3764,97.7,260,102.1,177,73.8,37,-.029,225,.5799,95,103.3,121,100.5,88,.5799,102
Dartmouth ,227,Ivy,3-5,.3762,97.4,265,101.7,164,67.9,282,-.086,299,.4363,259,100.8,258,103.1,246,.4363,262
Pacific ,228,WCC,1-8,.3752,100.9,197,105.4,258,68.5,252,-.125,331,.5893,87,103.8,93,100.6,100,.5893,92
Saint Peter's ,229,MAAC,3-5,.3705,96.8,277,101.4,156,68.4,255,-.047,251,.4676,227,101.7,214,102.8,230,.4606,235
Rider ,230,MAAC,2-8,.3695,99.7,218,104.5,235,65.0,337,-.101,311,.5112,179,101.2,240,100.8,109,.5352,152
Incarnate Word ,231,Slnd,3-5,.3681,100.8,198,105.7,262,71.8,93,-.081,297,.9025,1,112.7,1,92.8,1,.9025,1
San Francisco ,232,WCC,5-4,.3641,99.2,234,104.1,228,67.4,298,+.044,95,.2915,339,98.2,329,106.1,340,.2915,339
La Salle ,233,A10,4-4,.3634,99.4,228,104.3,233,68.8,243,+.075,71,.4404,252,102.3,172,104.4,307,.4404,255
Eastern Kentucky ,234,OVC,8-4,.3613,105.9,96,111.2,338,74.0,30,+.111,40,.3431,321,99.0,318,104.7,318,.3431,321
Marshall ,235,CUSA,3-6,.3572,99.5,225,104.7,244,77.6,6,-.055,265,.5033,191,103.3,125,103.1,250,.5033,194
Howard ,236,MEAC,6-5,.3561,97.9,257,103.1,199,71.0,130,+.025,130,.5165,169,103.0,145,102.4,199,.5531,132
Cal St. Fullerton ,237,BW,6-3,.3559,98.8,243,104.0,227,71.9,87,+.077,67,.4383,256,100.0,292,102.2,190,.4383,259
Wright St. ,238,Horz,3-7,.3556,96.0,297,101.1,147,68.8,244,-.046,250,.6719,32,104.6,60,98.3,20,.6719,34
Air Force ,239,MWC,6-4,.3538,97.2,270,102.4,185,70.0,177,+.157,14,.3979,296,100.7,263,104.4,304,.3979,296
Wagner ,240,NEC,5-3,.3535,95.1,310,100.3,127,69.5,193,+.154,17,.4657,229,99.3,314,100.5,89,.4657,232
Furman ,241,SC,6-4,.3486,100.3,210,105.9,266,66.4,324,+.013,160,.3389,325,98.1,333,104.0,293,.3389,325
Holy Cross ,242,Pat,4-6,.3485,100.4,209,106.0,269,64.0,347,+.021,142,.4985,196,101.3,238,101.3,131,.4985,200
New Hampshire ,243,AE,6-4,.3478,102.0,170,107.8,307,69.1,224,+.168,13,.5054,185,101.7,215,101.5,143,.5054,189
Norfolk St. ,244,MEAC,4-6,.3476,102.7,157,108.5,316,66.4,323,-.111,322,.5923,85,103.2,129,99.9,65,.6528,45
Arkansas St. ,245,SB,3-6,.3476,99.7,220,105.3,257,75.6,12,-.096,306,.5950,81,102.2,173,98.9,32,.5950,86
Northwestern St. ,246,Slnd,1-7,.3435,104.5,119,110.5,332,73.1,53,-.003,181,.8173,4,109.4,6,96.1,4,.8173,4
St. Francis PA ,247,NEC,4-5,.3434,97.3,266,102.9,195,68.3,259,+.030,118,.5988,77,105.0,47,101.4,139,.5988,83
Brown ,248,Ivy,3-6,.3396,97.2,269,103.0,198,73.7,40,-.062,270,.4849,209,102.4,169,102.9,232,.4849,214
Santa Clara ,249,WCC,4-7,.3377,95.7,302,101.4,157,66.1,328,-.071,282,.4320,266,99.4,311,101.8,161,.4320,269
Austin Peay ,250,OVC,4-7,.3304,99.7,221,106.0,268,70.2,168,+.006,171,.6207,60,106.7,21,102.3,195,.6207,63
East Tennessee St. ,251,SC,4-5,.3292,101.0,194,107.4,303,69.4,210,+.006,170,.6405,48,104.6,59,99.5,51,.6405,52
Northern Kentucky ,252,Horz,2-6,.3291,99.6,222,106.0,267,68.9,233,-.150,342,.6885,24,105.8,30,98.7,27,.6885,26
Tennessee Tech ,253,OVC,7-4,.3286,99.1,235,105.4,259,72.0,86,+.069,74,.4008,293,99.9,296,103.5,267,.4008,293
Tennessee Martin ,254,OVC,4-7,.3237,102.5,161,109.2,324,67.6,287,+.029,120,.5333,148,102.1,181,101.0,116,.5333,155
South Florida ,255,Amer,3-8,.3231,94.5,315,100.8,141,69.5,200,-.020,211,.4952,199,102.5,165,102.6,213,.4952,204
Youngstown St. ,256,Horz,5-6,.3226,101.6,181,108.3,313,71.6,104,-.070,279,.4796,216,100.6,270,101.3,130,.4796,221
Texas Southern ,257,SWAC,1-9,.3220,100.6,204,107.4,301,68.9,232,-.041,242,.6881,25,107.5,11,100.4,85,.6881,27
Rutgers ,258,B10,4-6,.3195,94.9,312,101.3,154,72.6,68,-.008,190,.4730,221,102.1,187,103.1,244,.4730,225
San Diego ,259,WCC,4-6,.3123,94.1,320,100.8,140,65.6,333,+.083,59,.5042,190,100.8,259,100.7,102,.5042,193
VMI ,260,SC,3-6,.3097,99.0,239,106.1,274,69.4,207,-.072,284,.5953,79,103.1,135,99.7,58,.5953,85
Quinnipiac ,261,MAAC,4-5,.3021,94.2,318,101.3,153,70.0,180,+.038,105,.3789,304,101.0,252,105.4,329,.3475,319
Lipscomb ,262,ASun,4-9,.3020,98.8,244,106.3,279,73.1,51,-.044,248,.5718,106,103.8,94,101.3,127,.5718,113
Penn ,263,Ivy,4-5,.3019,99.1,236,106.6,286,69.2,222,+.028,122,.3113,334,97.3,341,104.3,302,.3113,333
Cornell ,264,Ivy,5-4,.3016,96.1,296,103.4,210,74.2,27,+.148,18,.5065,184,103.4,112,103.2,252,.5065,188
Campbell ,265,BSth,6-3,.3015,96.9,274,104.2,229,69.5,199,+.136,25,.3192,332,97.1,344,103.8,280,.2499,347
South Alabama ,266,SB,3-6,.3010,96.4,288,103.8,221,72.3,74,-.017,207,.6025,74,104.0,89,100.3,80,.6025,80
Alabama A&M ,267,SWAC,4-3,.3005,97.5,263,104.9,249,68.9,237,+.031,116,.4413,250,99.8,301,101.8,164,.4413,253
Troy ,268,SB,4-5,.2995,98.8,245,106.4,285,73.8,33,-.042,243,.3916,300,99.2,316,103.0,243,.3916,300
IUPUI ,269,Sum,3-9,.2995,96.8,278,104.3,231,70.2,165,-.048,255,.6765,30,104.1,83,97.6,13,.6765,32
American ,270,Pat,2-6,.2965,93.1,329,100.3,129,62.2,351,+.016,151,.5825,93,102.2,179,99.2,43,.5825,99
Loyola MD ,271,Pat,1-8,.2962,98.6,249,106.3,283,71.0,129,-.125,332,.5480,131,102.6,160,100.9,114,.5480,141
New Orleans ,272,Slnd,3-6,.2921,95.9,299,103.5,217,72.6,63,-.074,285,.6461,44,103.6,103,98.3,21,.6461,48
Colgate ,273,Pat,4-6,.2920,98.5,253,106.3,284,66.6,319,+.028,126,.5549,122,101.8,207,99.8,63,.5549,129
Portland St. ,274,BSky,3-5,.2914,97.2,268,105.0,252,73.1,54,-.169,345,.4649,230,101.0,248,102.3,197,.4649,233
Fairleigh Dickinson ,275,NEC,3-6,.2900,99.0,238,107.0,292,73.9,31,-.007,188,.6745,31,105.4,40,98.9,31,.6745,33
Idaho ,276,BSky,6-5,.2886,94.9,311,102.7,189,68.5,253,+.132,27,.4593,233,100.6,271,102.0,179,.4593,237
LIU Brooklyn ,277,NEC,5-3,.2886,100.1,213,108.3,312,71.3,112,+.200,4,.3324,329,97.9,335,104.0,294,.3324,329
Florida Atlantic ,278,CUSA,2-8,.2855,96.2,293,104.2,230,70.1,171,-.014,202,.6907,22,106.9,20,99.7,54,.6907,24
Montana St. ,279,BSky,5-5,.2839,104.3,127,113.0,344,70.7,137,+.086,53,.4516,244,99.9,297,101.6,150,.4516,246
St. Francis NY ,280,NEC,3-7,.2830,96.4,287,104.6,237,66.4,321,-.004,182,.5723,104,103.2,132,100.6,95,.5723,111
Northern Arizona ,281,BSky,2-7,.2783,97.8,259,106.3,277,72.7,61,-.143,337,.6969,19,105.4,36,98.1,16,.6969,22
Lamar ,282,Slnd,5-4,.2763,98.7,247,107.3,300,71.6,105,-.025,218,.2809,344,97.9,336,106.2,342,.2809,343
Robert Morris ,283,NEC,1-9,.2747,96.3,291,104.8,246,70.7,143,-.122,326,.5166,168,103.1,136,102.5,205,.5166,175
Rice ,284,CUSA,4-6,.2724,103.1,145,112.3,342,70.0,181,+.039,103,.4818,214,101.0,253,101.6,153,.4818,219
UNC Greensboro ,285,SC,4-6,.2716,96.5,286,105.2,255,69.8,187,+.041,101,.4836,211,102.1,186,102.7,219,.4836,216
Sacred Heart ,286,NEC,1-8,.2710,98.5,250,107.4,302,73.8,36,-.100,310,.5169,167,101.9,202,101.3,128,.5169,174
Lafayette ,287,Pat,3-7,.2678,101.9,176,111.2,337,73.4,49,+.028,123,.4527,243,100.9,256,102.5,209,.4527,245
FIU ,288,CUSA,4-6,.2676,96.4,289,105.2,256,67.7,285,-.070,281,.3774,305,103.1,139,107.7,350,.3774,305
North Carolina Central ,289,MEAC,3-7,.2605,96.9,276,106.1,272,67.5,294,-.056,266,.4175,276,100.6,269,103.6,272,.5132,182
Cal St. Northridge ,290,BW,2-7,.2595,96.7,285,105.9,265,69.4,209,-.068,277,.6262,54,104.5,62,100.0,68,.6262,58
Appalachian St. ,291,SB,2-7,.2595,98.5,251,107.9,308,71.5,106,-.055,263,.4604,232,101.9,200,103.3,258,.4604,236
Manhattan ,292,MAAC,2-7,.2568,95.8,301,105.1,254,71.9,89,+.019,146,.5157,172,102.6,162,102.0,181,.5481,139
Jacksonville ,293,ASun,4-7,.2567,100.2,212,109.9,328,72.9,59,-.005,183,.4836,210,100.8,262,101.4,132,.4836,215
Morgan St. ,294,MEAC,2-6,.2557,94.4,316,103.6,220,70.6,150,-.039,239,.7810,7,106.9,19,95.7,3,.7810,8
North Dakota ,295,BSky,4-5,.2536,93.5,326,102.7,191,71.7,95,-.036,237,.5147,175,101.3,232,100.8,107,.5147,180
Georgia Southern ,296,SB,3-5,.2528,99.0,237,108.8,319,70.7,138,-.011,193,.6208,59,106.6,22,102.1,187,.6208,62
Alabama St. ,297,SWAC,4-5,.2527,96.2,295,105.7,263,71.1,125,+.155,15,.5949,82,104.0,86,100.6,96,.5949,87
Southern Miss ,298,CUSA,2-6,.2523,94.0,322,103.3,202,64.6,341,+.013,161,.5443,133,100.4,277,98.9,29,.5443,143
Eastern Illinois ,299,OVC,2-6,.2491,95.2,307,104.8,247,69.1,225,+.016,153,.5155,173,102.5,164,102.0,174,.5155,178
Seattle ,300,WAC,3-6,.2463,93.9,323,103.5,215,68.4,256,-.063,272,.3410,323,100.3,280,106.2,343,.3410,323
Binghamton ,301,AE,2-8,.2450,92.7,331,102.2,180,70.7,139,-.070,280,.5258,155,103.5,110,102.5,207,.5258,162
USC Upstate ,302,ASun,3-10,.2422,100.9,196,111.4,340,68.1,271,-.123,328,.4819,213,101.4,225,102.1,186,.4819,218
North Carolina A&T ,303,MEAC,4-8,.2387,96.7,281,107.0,293,70.2,164,+.097,45,.5208,164,101.6,218,100.8,108,.6177,67
Charlotte ,304,CUSA,1-8,.2292,96.7,283,107.4,304,73.0,57,-.072,283,.5999,76,105.4,39,101.7,157,.5999,82
Southern Utah ,305,BSky,3-6,.2258,97.9,258,108.9,320,68.9,234,-.111,321,.5450,132,104.2,81,102.5,208,.5450,142
Marist ,306,MAAC,2-6,.2238,96.3,292,107.3,297,69.2,221,-.014,201,.4549,237,102.1,185,103.7,279,.4513,247
SIU Edwardsville ,307,OVC,3-7,.2214,95.5,305,106.6,287,69.3,217,+.053,88,.5229,160,102.7,154,101.9,171,.5229,168
Stetson ,308,ASun,4-7,.2171,103.0,147,115.1,350,72.5,69,-.032,230,.5132,177,102.0,193,101.5,149,.5132,183
Central Arkansas ,309,Slnd,1-8,.2136,101.1,189,113.2,346,72.7,62,-.050,258,.7175,15,105.8,28,97.5,11,.7175,19
South Carolina St. ,310,MEAC,5-6,.2130,97.7,261,109.5,325,67.6,291,+.015,156,.4051,288,100.8,261,104.2,301,.5032,195
Houston Baptist ,311,Slnd,4-6,.2123,95.3,306,106.8,290,71.2,114,+.080,64,.5799,94,103.5,108,100.6,99,.5799,101
Longwood ,312,BSth,3-8,.2100,99.7,219,111.9,341,69.9,185,+.055,84,.5301,149,104.3,74,103.2,253,.4977,201
Charleston Southern ,313,BSth,4-6,.2098,99.2,231,111.4,339,71.6,102,+.061,77,.5377,139,103.2,127,101.9,170,.6573,43
The Citadel ,314,SC,7-4,.2068,101.3,184,113.8,349,81.2,1,+.134,26,.3842,301,101.1,246,105.3,327,.3842,302
McNeese St. ,315,Slnd,2-7,.2061,95.6,303,107.5,305,71.7,99,-.127,333,.7887,6,109.6,3,97.8,14,.7887,6
UMass Lowell ,316,AE,4-5,.1977,94.1,321,106.3,280,73.5,47,+.190,5,.5547,123,104.6,61,102.6,211,.5547,130
Niagara ,317,MAAC,3-8,.1966,93.8,324,106.0,271,68.7,245,+.033,113,.4150,281,99.8,300,102.8,228,.4216,276
UMBC ,318,AE,3-8,.1944,94.8,313,107.3,299,68.3,263,-.015,203,.4267,269,101.6,219,104.2,300,.4267,271
Bryant ,319,NEC,2-9,.1862,94.2,319,107.1,295,69.1,226,-.032,231,.6204,61,104.5,64,100.1,72,.6204,64
North Texas ,320,CUSA,4-7,.1856,95.9,298,109.1,321,70.5,155,-.098,308,.3354,328,98.9,319,105.0,321,.3354,328
Utah Valley ,321,WAC,4-6,.1827,91.2,339,103.9,224,75.1,19,-.044,249,.3987,295,101.7,212,105.4,330,.3987,295
Jacksonville St. ,322,OVC,3-9,.1825,95.8,300,109.1,322,66.8,313,+.011,163,.4017,292,101.2,243,104.7,317,.4017,292
Maryland Eastern Shore ,323,MEAC,1-9,.1803,95.2,309,108.6,318,69.5,194,-.030,226,.6711,34,105.4,37,99.1,40,.7318,16
Bradley ,324,MVC,1-9,.1776,86.9,348,99.3,104,68.8,239,-.003,180,.6219,58,103.4,114,99.0,36,.6219,61
UTSA ,325,CUSA,2-9,.1775,99.2,232,113.4,347,75.2,18,-.028,222,.5727,102,103.3,123,100.7,103,.5727,110
Maine ,326,AE,2-7,.1753,94.4,317,108.0,310,78.4,5,+.015,158,.4678,226,101.0,249,102.1,189,.4678,230
Northern Colorado ,327,BSky,3-7,.1747,102.8,151,117.7,351,69.1,223,-.024,216,.4913,205,102.7,158,103.0,239,.4913,210
Southeastern Louisiana ,328,Slnd,2-9,.1746,94.8,314,108.5,317,70.0,174,-.109,319,.6123,66,102.0,194,98.0,15,.6123,71
Hartford ,329,AE,4-8,.1711,95.2,308,109.2,323,71.9,88,+.081,62,.4111,283,99.8,299,103.0,240,.4111,284
Kennesaw St. ,330,ASun,3-9,.1644,91.9,336,105.9,264,70.4,158,-.026,219,.6106,68,103.6,102,99.7,55,.6106,73
Nicholls St. ,331,Slnd,3-6,.1638,93.7,325,108.0,309,72.2,77,-.012,198,.8188,2,108.0,8,94.7,2,.8188,2
San Jose St. ,332,MWC,4-6,.1627,92.0,335,106.0,270,75.4,15,+.021,141,.4053,287,100.5,276,103.9,288,.4053,288
Presbyterian ,333,BSth,4-6,.1605,92.0,333,106.3,278,72.1,79,-.005,184,.3767,306,101.3,235,105.8,336,.3602,311
Illinois Chicago ,334,Horz,1-7,.1585,92.3,332,106.7,289,75.3,16,-.062,271,.4920,203,102.2,175,102.5,206,.4920,208
Arkansas Pine Bluff ,335,SWAC,2-9,.1542,90.2,343,104.6,240,68.3,258,+.087,51,.7596,9,106.6,23,96.4,6,.7596,11
Bethune Cookman ,336,MEAC,4-6,.1418,92.7,330,108.4,314,71.2,115,+.017,150,.5051,187,104.3,77,104.1,297,.5745,108
Savannah St. ,337,MEAC,4-6,.1399,88.2,347,103.3,207,69.5,201,+.111,38,.5404,137,103.4,116,101.9,172,.5404,147
Southeast Missouri St. ,338,OVC,0-9,.1380,91.8,338,107.6,306,72.1,80,-.012,197,.5780,96,103.0,142,100.2,78,.5780,103
Chicago St. ,339,WAC,3-9,.1230,90.1,345,106.8,291,71.2,118,-.110,320,.6611,37,105.4,38,99.4,50,.6611,39
Idaho St. ,340,BSky,3-5,.1229,95.6,304,113.4,348,70.6,145,+.096,47,.5505,126,103.2,130,101.4,134,.5505,134
Abilene Christian ,341,Slnd,4-5,.1228,93.4,327,110.8,335,69.7,189,-.027,221,.4300,268,101.9,199,104.4,305,.4300,270
UT Rio Grande Valley ,342,WAC,3-7,.1143,92.0,334,109.9,327,70.5,151,+.017,149,.4947,200,103.2,128,103.4,264,.4947,205
Coppin St. ,343,MEAC,2-8,.1099,91.8,337,110.2,330,75.5,14,-.074,287,.6232,57,104.9,48,100.4,87,.7451,13
Mississippi Valley St. ,344,SWAC,0-13,.0878,90.1,344,110.5,331,75.1,21,-.089,302,.6094,70,103.8,95,99.9,64,.6094,75
Prairie View A&M ,345,SWAC,0-10,.0878,86.7,349,106.3,282,71.4,107,-.021,214,.7005,18,104.5,65,97.0,8,.7005,21
Liberty ,346,BSth,3-8,.0852,90.5,341,111.2,336,64.1,345,-.029,224,.3654,312,100.3,283,105.2,324,.3876,301
Delaware St. ,347,MEAC,0-10,.0818,89.1,346,110.0,329,67.1,309,-.061,269,.5714,107,103.4,111,100.9,111,.5714,114
Central Connecticut ,348,NEC,0-8,.0772,91.0,340,112.9,343,69.3,212,-.040,241,.3456,320,97.6,338,103.2,251,.3456,320
Alcorn St. ,349,SWAC,1-7,.0695,90.2,342,113.1,345,69.1,227,-.016,206,.5774,98,104.2,80,101.4,140,.5774,105
Grambling St. ,350,SWAC,1-7,.0395,83.2,351,109.8,326,71.4,109,-.030,227,.7129,16,104.7,57,96.7,7,.7129,20
Florida A&M ,351,MEAC,4-7,.0387,83.8,350,110.8,334,72.0,85,+.092,50,.2819,343,98.2,331,106.5,345,.3086,335
